title,href,full_url
Komplikasi apa yang bisa terjadi pada ibu hamil dengan ISK?,/komunitas/topic/komplikasi-apa-yang-bisa-terjadi-pada-ibu-hamil-dengan-isk-,https://www.alodokter.com/komunitas/topic/komplikasi-apa-yang-bisa-terjadi-pada-ibu-hamil-dengan-isk-
Apa yang menyebabkan tenggorokan terasa kering saat bangun tidur pada ibu hamil?,/komunitas/topic/apa-yang-menyebabkan-tenggorokan-terasa-kering-saat-bangun-tidur-pada,https://www.alodokter.com/komunitas/topic/apa-yang-menyebabkan-tenggorokan-terasa-kering-saat-bangun-tidur-pada
Apakah wajar merasa cemas berlebihan jelang persalinan?,/komunitas/topic/apakah-wajar-merasa-cemas-berlebihan-jelang-persalinan-,https://www.alodokter.com/komunitas/topic/apakah-wajar-merasa-cemas-berlebihan-jelang-persalinan-
Bagaimana cara aman atasi tenggorokan sakit pada ibu hamil?,/komunitas/topic/bagaimana-cara-aman-atasi-tenggorokan-sakit-pada-ibu-hamil-,https://www.alodokter.com/komunitas/topic/bagaimana-cara-aman-atasi-tenggorokan-sakit-pada-ibu-hamil-
Rekomendasi pola makan sehat untuk hipertensi gestasional,/komunitas/topic/rekomendasi-pola-makan-sehat-untuk-hipertensi-gestasional,https://www.alodokter.com/komunitas/topic/rekomendasi-pola-makan-sehat-untuk-hipertensi-gestasional
Kenapa obesitas saat hamil kembar berbahaya untuk janin?,/komunitas/topic/kenapa-obesitas-saat-hamil-kembar-berbahaya-untuk-janin-,https://www.alodokter.com/komunitas/topic/kenapa-obesitas-saat-hamil-kembar-berbahaya-untuk-janin-
Kenapa ibu hamil mudah ngompol saat batuk atau bersin?,/komunitas/topic/kenapa-ibu-hamil-mudah-ngompol-saat-batuk-atau-bersin-,https://www.alodokter.com/komunitas/topic/kenapa-ibu-hamil-mudah-ngompol-saat-batuk-atau-bersin-
Apa manfaat USG mata untuk bumil dengan riwayat preeklampsia?,/komunitas/topic/apa-manfaat-usg-mata-untuk-bumil-dengan-riwayat-preeklampsia-,https://www.alodokter.com/komunitas/topic/apa-manfaat-usg-mata-untuk-bumil-dengan-riwayat-preeklampsia-
Apa kenaikan berat badan cepat saat hamil kembar normal?,/komunitas/topic/apa-kenaikan-berat-badan-cepat-saat-hamil-kembar-normal-,https://www.alodokter.com/komunitas/topic/apa-kenaikan-berat-badan-cepat-saat-hamil-kembar-normal-
Berapa kali ibu hamil harus cek gula darah?,/komunitas/topic/-berapa-kali-ibu-hamil-harus-cek-gula-darah--,https://www.alodokter.com/komunitas/topic/-berapa-kali-ibu-hamil-harus-cek-gula-darah--
Apa itu tes TTGO pada ibu hamil?,/komunitas/topic/-apa-itu-tes-ttgo-pada-ibu-hamil--,https://www.alodokter.com/komunitas/topic/-apa-itu-tes-ttgo-pada-ibu-hamil--
Apakah gula darah 80 mg/dl sebabkan pusing saat hamil?,/komunitas/topic/apakah-gula-darah-80-mg-dl-sebabkan-pusing-saat-hamil-,https://www.alodokter.com/komunitas/topic/apakah-gula-darah-80-mg-dl-sebabkan-pusing-saat-hamil-
"Tekanan darah naik di trimester 3 kehamilan,  apakah ini termasuk hipertensi gestasional?",/komunitas/topic/tekanan-darah-naik-di-trimester-3-kehamilan---apakah-ini-termasuk,https://www.alodokter.com/komunitas/topic/tekanan-darah-naik-di-trimester-3-kehamilan---apakah-ini-termasuk
Mengapa ibu hamil mudah cemas saat kontrol kehamilan?,/komunitas/topic/mengapa-ibu-hamil-mudah-cemas-saat-kontrol-kehamilan-,https://www.alodokter.com/komunitas/topic/mengapa-ibu-hamil-mudah-cemas-saat-kontrol-kehamilan-
Benarkah stres ibu hamil pengaruhi perilaku bayi?,/komunitas/topic/benarkah-stres-ibu-hamil-pengaruhi-perilaku-bayi-,https://www.alodokter.com/komunitas/topic/benarkah-stres-ibu-hamil-pengaruhi-perilaku-bayi-
Benarkah garis hitam di perut tanda anak laki-laki?,/komunitas/topic/-benarkah-garis-hitam-di-perut-tanda-anak-laki-laki--,https://www.alodokter.com/komunitas/topic/-benarkah-garis-hitam-di-perut-tanda-anak-laki-laki--
Faktor apa yang memengaruhi perbedaan gejala hamil muda?,/komunitas/topic/faktor-apa-yang-memengaruhi-perbedaan-gejala-hamil-muda-,https://www.alodokter.com/komunitas/topic/faktor-apa-yang-memengaruhi-perbedaan-gejala-hamil-muda-
Kapan garis hitam di perut akan memudar setelah melahirkan?,/komunitas/topic/kapan-garis-hitam-di-perut-akan-memudar-setelah-melahirkan-,https://www.alodokter.com/komunitas/topic/kapan-garis-hitam-di-perut-akan-memudar-setelah-melahirkan-
Kenapa muncul garis hitam di perut saat hamil?,/komunitas/topic/kenapa-muncul-garis-hitam-di-perut-saat-hamil--,https://www.alodokter.com/komunitas/topic/kenapa-muncul-garis-hitam-di-perut-saat-hamil--
Apakah kulit leher menggelap saat hamil itu normal?,/komunitas/topic/apakah-kulit-leher-menggelap-saat-hamil-itu-normal--,https://www.alodokter.com/komunitas/topic/apakah-kulit-leher-menggelap-saat-hamil-itu-normal--
Apakah yoga kehamilan grup bisa kurangi stres?,/komunitas/topic/apakah-yoga-kehamilan-grup-bisa-kurangi-stres-,https://www.alodokter.com/komunitas/topic/apakah-yoga-kehamilan-grup-bisa-kurangi-stres-
Makanan apa yang dapat pendukung penyerapan suplemen kalsium pada ibu hamil?,/komunitas/topic/makanan-apa-yang-dapat-pendukung-penyerapan-suplemen-kalsium-pada-ibu,https://www.alodokter.com/komunitas/topic/makanan-apa-yang-dapat-pendukung-penyerapan-suplemen-kalsium-pada-ibu
Apakah keluar cairan dari payudara saat hamil wajar?,/komunitas/topic/apakah-keluar-cairan-dari-payudara-saat-hamil-wajar-,https://www.alodokter.com/komunitas/topic/apakah-keluar-cairan-dari-payudara-saat-hamil-wajar-
Apakah perlu melakukan tes lanjutan jika  hasil NIPT dan fetomaternal tidak sama?,/komunitas/topic/apakah-perlu-melakukan-tes-lanjutan-jika--hasil-nipt-dan-fetomaternal,https://www.alodokter.com/komunitas/topic/apakah-perlu-melakukan-tes-lanjutan-jika--hasil-nipt-dan-fetomaternal
Vaksin apa saja yang disarankan untuk ibu hamil?,/komunitas/topic/vaksin-apa-saja-yang-disarankan-untuk-ibu-hamil-,https://www.alodokter.com/komunitas/topic/vaksin-apa-saja-yang-disarankan-untuk-ibu-hamil-
Risiko apa saja yang bisa dideteksi tes NIPT?,/komunitas/topic/risiko-apa-saja-yang-bisa-dideteksi-tes-nipt-,https://www.alodokter.com/komunitas/topic/risiko-apa-saja-yang-bisa-dideteksi-tes-nipt-
Apa saja risiko komplikasi kehamilan pada ibu hamil dengan obesitas?,/komunitas/topic/apa-saja-risiko-komplikasi-kehamilan-pada-ibu-hamil-dengan-obesitas-,https://www.alodokter.com/komunitas/topic/apa-saja-risiko-komplikasi-kehamilan-pada-ibu-hamil-dengan-obesitas-
Apa saja tips babymoon untuk kehamilan kembar?,/komunitas/topic/apa-saja-tips-babymoon-untuk-kehamilan-kembar-,https://www.alodokter.com/komunitas/topic/apa-saja-tips-babymoon-untuk-kehamilan-kembar-
Mengapa ibu hamil sering merasa gerah dan sulit tidur malam hari?,/komunitas/topic/mengapa-ibu-hamil-sering-merasa-gerah-dan-sulit-tidur-malam,https://www.alodokter.com/komunitas/topic/mengapa-ibu-hamil-sering-merasa-gerah-dan-sulit-tidur-malam
Apa penyebab perut bawah terasa kencang dan nyeri di malam hari saat hamil 19 minggu?,/komunitas/topic/apa-penyebab-perut-bawah-terasa-kencang-dan-nyeri-di-malam,https://www.alodokter.com/komunitas/topic/apa-penyebab-perut-bawah-terasa-kencang-dan-nyeri-di-malam
Apa saja risiko komplikasi kehamilan pada ibu hamil dengan obesitas?,/komunitas/topic/apa-saja-risiko-komplikasi-kehamilan-pada-ibu-hamil-dengan-obesitas-,https://www.alodokter.com/komunitas/topic/apa-saja-risiko-komplikasi-kehamilan-pada-ibu-hamil-dengan-obesitas-
Apa saja tips babymoon untuk kehamilan kembar?,/komunitas/topic/apa-saja-tips-babymoon-untuk-kehamilan-kembar-,https://www.alodokter.com/komunitas/topic/apa-saja-tips-babymoon-untuk-kehamilan-kembar-
Mengapa ibu hamil sering merasa gerah dan sulit tidur malam hari?,/komunitas/topic/mengapa-ibu-hamil-sering-merasa-gerah-dan-sulit-tidur-malam,https://www.alodokter.com/komunitas/topic/mengapa-ibu-hamil-sering-merasa-gerah-dan-sulit-tidur-malam
Apa penyebab perut bawah terasa kencang dan nyeri di malam hari saat hamil 19 minggu?,/komunitas/topic/apa-penyebab-perut-bawah-terasa-kencang-dan-nyeri-di-malam,https://www.alodokter.com/komunitas/topic/apa-penyebab-perut-bawah-terasa-kencang-dan-nyeri-di-malam
Kenapa gejala hamil bisa berubah tiap kehamilan?,/komunitas/topic/kenapa-gejala-hamil-bisa-berubah-tiap-kehamilan-,https://www.alodokter.com/komunitas/topic/kenapa-gejala-hamil-bisa-berubah-tiap-kehamilan-
Bisakah PMS menular ke janin saat hamil?,/komunitas/topic/bisakah-pms-menular-ke-janin-saat-hamil-,https://www.alodokter.com/komunitas/topic/bisakah-pms-menular-ke-janin-saat-hamil-
Apakah hamil tanpa mual tanda hormon rendah?,/komunitas/topic/apakah-hamil-tanpa-mual-tanda-hormon-rendah-,https://www.alodokter.com/komunitas/topic/apakah-hamil-tanpa-mual-tanda-hormon-rendah-
Apakah nyeri perut bawah pada ibu hamil saat tidur telentang berbahaya?,/komunitas/topic/apakah-nyeri-perut-bawah-pada-ibu-hamil-saat-tidur-telentang,https://www.alodokter.com/komunitas/topic/apakah-nyeri-perut-bawah-pada-ibu-hamil-saat-tidur-telentang
Kenapa polihidramnion lebih berisiko terjadi pada kehamilan kembar?,/komunitas/topic/kenapa-polihidramnion-lebih-berisiko-terjadi-pada-kehamilan-kembar--,https://www.alodokter.com/komunitas/topic/kenapa-polihidramnion-lebih-berisiko-terjadi-pada-kehamilan-kembar--
Bagaimana mengurangi kecemasan di awal kehamilan?,/komunitas/topic/bagaimana-mengurangi-kecemasan-di-awal-kehamilan-,https://www.alodokter.com/komunitas/topic/bagaimana-mengurangi-kecemasan-di-awal-kehamilan-
Apa saja syarat ibu hamil dengan hipertensi untuk persalinan normal ?,/komunitas/topic/-apa-saja-syarat-ibu-hamil-dengan-hipertensi-untuk-persalinan-normal,https://www.alodokter.com/komunitas/topic/-apa-saja-syarat-ibu-hamil-dengan-hipertensi-untuk-persalinan-normal
Apa yang menyebabkan stamina turun pada ibu hamil?,/komunitas/topic/apa-yang-menyebabkan-stamina-turun-pada-ibu-hamil-,https://www.alodokter.com/komunitas/topic/apa-yang-menyebabkan-stamina-turun-pada-ibu-hamil-
Apa itu tes NIPT dalam kehamilan?,/komunitas/topic/apa-itu-tes-nipt-dalam-kehamilan-,https://www.alodokter.com/komunitas/topic/apa-itu-tes-nipt-dalam-kehamilan-
Apakah berat janin 300 gram di 20 minggu normal?,/komunitas/topic/apakah-berat-janin-300-gram-di-20-minggu-normal-,https://www.alodokter.com/komunitas/topic/apakah-berat-janin-300-gram-di-20-minggu-normal-
Apakah rasa lelah saat hamil perlu dikhawatirkan?,/komunitas/topic/apakah-rasa-lelah-saat-hamil-perlu-dikhawatirkan-,https://www.alodokter.com/komunitas/topic/apakah-rasa-lelah-saat-hamil-perlu-dikhawatirkan-
Kenapa ibu hamil sering nyeri perut bawah saat tidur telentang?,/komunitas/topic/kenapa-ibu-hamil-sering-nyeri-perut-bawah-saat-tidur-telentang-,https://www.alodokter.com/komunitas/topic/kenapa-ibu-hamil-sering-nyeri-perut-bawah-saat-tidur-telentang-
Apa penyebab aerola membesar dan menghitam saat hamil?,/komunitas/topic/apa-penyebab-aerola-membesar-dan-menghitam-saat-hamil-,https://www.alodokter.com/komunitas/topic/apa-penyebab-aerola-membesar-dan-menghitam-saat-hamil-
Apakah ibu hamil dengan hipertensi bisa melahirkan normal?,/komunitas/topic/apakah-ibu-hamil-dengan-hipertensi-bisa-melahirkan-normal--,https://www.alodokter.com/komunitas/topic/apakah-ibu-hamil-dengan-hipertensi-bisa-melahirkan-normal--
Bagaimana cara aman mengatasi diare saat hamil muda?,/komunitas/topic/bagaimana-cara-aman-mengatasi-diare-saat-hamil-muda-,https://www.alodokter.com/komunitas/topic/bagaimana-cara-aman-mengatasi-diare-saat-hamil-muda-
Apakah posisi tidur bisa sebabkan nyeri perut bawah hamil?,/komunitas/topic/-apakah-posisi-tidur-bisa-sebabkan-nyeri-perut-bawah-hamil-,https://www.alodokter.com/komunitas/topic/-apakah-posisi-tidur-bisa-sebabkan-nyeri-perut-bawah-hamil-
Apakah wajar hamil 15 minggu perut belum besar?,/komunitas/topic/apakah-wajar-hamil-15-minggu-perut-belum-besar-,https://www.alodokter.com/komunitas/topic/apakah-wajar-hamil-15-minggu-perut-belum-besar-
Apakah aman bila berhubungan seksual saat hamil 4 minggu?,/komunitas/topic/apakah-aman-bila-berhubungan-seksual-saat-hamil-4-minggu-,https://www.alodokter.com/komunitas/topic/apakah-aman-bila-berhubungan-seksual-saat-hamil-4-minggu-
Apa penyebab air ketuban bisa berkurang dan adakah cara agar jumlahnya bisa kembali normal?,/komunitas/topic/apa-penyebab-air-ketuban-bisa-berkurang-dan-adakah-cara-agar,https://www.alodokter.com/komunitas/topic/apa-penyebab-air-ketuban-bisa-berkurang-dan-adakah-cara-agar
Apakah aman ibu hamil menghirup minyak angin?,/komunitas/topic/apakah-aman-ibu-hamil-menghirup-minyak-angin-,https://www.alodokter.com/komunitas/topic/apakah-aman-ibu-hamil-menghirup-minyak-angin-
Bolehkah bumil oles minyak angin di perut?,/komunitas/topic/bolehkah-bumil-oles-minyak-angin-di-perut-,https://www.alodokter.com/komunitas/topic/bolehkah-bumil-oles-minyak-angin-di-perut-
Apakah hamil tanpa mual tanda janin sehat?,/komunitas/topic/apakah-hamil-tanpa-mual-tanda-janin-sehat-,https://www.alodokter.com/komunitas/topic/apakah-hamil-tanpa-mual-tanda-janin-sehat-
Bagaimana cara menjaga janin tetap sehat di dalam kandungan pada ibu hamil dengan hipertensi?,/komunitas/topic/bagaimana-cara-menjaga-janin-tetap-sehat-di-dalam-kandungan-pada,https://www.alodokter.com/komunitas/topic/bagaimana-cara-menjaga-janin-tetap-sehat-di-dalam-kandungan-pada
"Mimisan berulang saat hamil, normal atau tidak?",/komunitas/topic/mimisan-berulang-saat-hamil--normal-atau-tidak-,https://www.alodokter.com/komunitas/topic/mimisan-berulang-saat-hamil--normal-atau-tidak-
Bagaimana mengatasi kram perut di awal kehamilan?,/komunitas/topic/bagaimana-mengatasi-kram-perut-di-awal-kehamilan-,https://www.alodokter.com/komunitas/topic/bagaimana-mengatasi-kram-perut-di-awal-kehamilan-
Apa penyebab sendawa berlebihan saat hamil trimester ketiga?,/komunitas/topic/apa-penyebab-sendawa-berlebihan-saat-hamil-trimester-ketiga-,https://www.alodokter.com/komunitas/topic/apa-penyebab-sendawa-berlebihan-saat-hamil-trimester-ketiga-
Apakah aman jika bumil tetap puasa bila BB turun?,/komunitas/topic/apakah-aman-jika-bumil-tetap-puasa-bila-bb-turun-,https://www.alodokter.com/komunitas/topic/apakah-aman-jika-bumil-tetap-puasa-bila-bb-turun-
Apakah aman melakukan scalling saat hamil?,/komunitas/topic/apakah-aman-melakukan-scalling-saat-hamil-,https://www.alodokter.com/komunitas/topic/apakah-aman-melakukan-scalling-saat-hamil-
Apakah aman ibu hamil 6 minggu naik motor jauh saat hamil?,/komunitas/topic/apakah-aman-ibu-hamil-6-minggu-naik-motor-jauh-saat,https://www.alodokter.com/komunitas/topic/apakah-aman-ibu-hamil-6-minggu-naik-motor-jauh-saat
Kenapa ibu hamil sering kram otot malam hari?,/komunitas/topic/kenapa-ibu-hamil-sering-kram-otot-malam-hari-,https://www.alodokter.com/komunitas/topic/kenapa-ibu-hamil-sering-kram-otot-malam-hari-
Perlukah ke dokter jika keluar bercak darah saat hamil 5 minggu?,/komunitas/topic/perlukah-ke-dokter-jika-keluar-bercak-darah-saat-hamil-5,https://www.alodokter.com/komunitas/topic/perlukah-ke-dokter-jika-keluar-bercak-darah-saat-hamil-5
"Mengapa miss V gatal saat hamil, apakah bahaya?",/komunitas/topic/mengapa-miss-v-gatal-saat-hamil--apakah-bahaya-,https://www.alodokter.com/komunitas/topic/mengapa-miss-v-gatal-saat-hamil--apakah-bahaya-
Bolehkah puasa saat hamil dengan diabetes gestasional?,/komunitas/topic/bolehkah-puasa-saat-hamil-dengan-diabetes-gestasional-,https://www.alodokter.com/komunitas/topic/bolehkah-puasa-saat-hamil-dengan-diabetes-gestasional-
Bisakah pengencer darah cegah preeklamsia bumil hipertensi?,/komunitas/topic/bisakah-pengencer-darah-cegah-preeklamsia-bumil-hipertensi-,https://www.alodokter.com/komunitas/topic/bisakah-pengencer-darah-cegah-preeklamsia-bumil-hipertensi-
Kenapa hamil 14 minggu makan sedikit langsung begah?,/komunitas/topic/kenapa-hamil-14-minggu-makan-sedikit-langsung-begah-,https://www.alodokter.com/komunitas/topic/kenapa-hamil-14-minggu-makan-sedikit-langsung-begah-
Bolehkah ibu hamil menjalani perawatan saluran akar?,/komunitas/topic/bolehkah-ibu-hamil-menjalani-perawatan-saluran-akar-,https://www.alodokter.com/komunitas/topic/bolehkah-ibu-hamil-menjalani-perawatan-saluran-akar-
Bagaimana cara mengatasi pusing karena hipotensi saat hamil?,/komunitas/topic/bagaimana-cara-mengatasi-pusing-karena-hipotensi-saat-hamil-,https://www.alodokter.com/komunitas/topic/bagaimana-cara-mengatasi-pusing-karena-hipotensi-saat-hamil-
"Gerakan janin normal dan tidak normal di usia 6 bulan, apakah berbahaya?",/komunitas/topic/gerakan-janin-normal-dan-tidak-normal-di-usia-6-bulan-,https://www.alodokter.com/komunitas/topic/gerakan-janin-normal-dan-tidak-normal-di-usia-6-bulan-
"Bagaimana tidur lebih nyenyak dan nyaman saat hamil, terutama perut mulai membesar?",/komunitas/topic/bagaimana-tidur-lebih-nyenyak-dan-nyaman-saat-hamil--terutama-perut,https://www.alodokter.com/komunitas/topic/bagaimana-tidur-lebih-nyenyak-dan-nyaman-saat-hamil--terutama-perut
Aktivitas apa yang aman dan yang harus dihindari saat hamil 6 bulan?,/komunitas/topic/aktivitas-apa-yang-aman-dan-yang-harus-dihindari-saat-hamil,https://www.alodokter.com/komunitas/topic/aktivitas-apa-yang-aman-dan-yang-harus-dihindari-saat-hamil
Apa penyebab gusi berdarah di kehamilan 5 bulan?,/komunitas/topic/apa-penyebab-gusi-berdarah-di-kehamilan-5-bulan-,https://www.alodokter.com/komunitas/topic/apa-penyebab-gusi-berdarah-di-kehamilan-5-bulan-
Kenapa ibu hamil usia 6 bulan sering sesak napas saat duduk?,/komunitas/topic/kenapa-ibu-hamil-usia-6-bulan-sering-sesak-napas-saat,https://www.alodokter.com/komunitas/topic/kenapa-ibu-hamil-usia-6-bulan-sering-sesak-napas-saat
Bagaimana mengatasi maag tanpa obat saat hamil?,/komunitas/topic/bagaimana-mengatasi-maag-tanpa-obat-saat-hamil-,https://www.alodokter.com/komunitas/topic/bagaimana-mengatasi-maag-tanpa-obat-saat-hamil-
Apakah wajar mual makan telur di awal kehamilan?,/komunitas/topic/apakah-wajar-mual-makan-telur-di-awal-kehamilan-,https://www.alodokter.com/komunitas/topic/apakah-wajar-mual-makan-telur-di-awal-kehamilan-
Apa obat nyeri otot yang aman untuk ibu hamil?,/komunitas/topic/apa-obat-nyeri-otot-yang-aman-untuk-ibu-hamil-,https://www.alodokter.com/komunitas/topic/apa-obat-nyeri-otot-yang-aman-untuk-ibu-hamil-
Apa aman minum kopi saat hamil muda?,/komunitas/topic/apa-aman-minum-kopi-saat-hamil-muda-,https://www.alodokter.com/komunitas/topic/apa-aman-minum-kopi-saat-hamil-muda-
Apakah keputihan menggumpal saat hamil itu normal?,/komunitas/topic/apakah-keputihan-menggumpal-saat-hamil-itu-normal-,https://www.alodokter.com/komunitas/topic/apakah-keputihan-menggumpal-saat-hamil-itu-normal-
Apa penyebab nyeri perut kiri bawah saat hamil 5 bulan?,/komunitas/topic/apa-penyebab-nyeri-perut-kiri-bawah-saat-hamil-5-bulan-,https://www.alodokter.com/komunitas/topic/apa-penyebab-nyeri-perut-kiri-bawah-saat-hamil-5-bulan-
"Hamil 8 minggu, sering kram perut bagian bawah. normalkah dan kapan harus ke dokter?",/komunitas/topic/hamil-8-minggu--sering-kram-perut-bagian-bawah--normalkah-dan,https://www.alodokter.com/komunitas/topic/hamil-8-minggu--sering-kram-perut-bagian-bawah--normalkah-dan
"Vaksin apa saja yang dianjurkan sebelum hamil, dan kapan waktu terbaik pemberiannya?",/komunitas/topic/vaksin-apa-saja-yang-dianjurkan-sebelum-hamil--dan-kapan-waktu,https://www.alodokter.com/komunitas/topic/vaksin-apa-saja-yang-dianjurkan-sebelum-hamil--dan-kapan-waktu
Sakit kepala saat hamil 6 bulan apa penyebab dan cara mengatasinya?,/komunitas/topic/sakit-kepala-saat-hamil-6-bulan-apa-penyebab-dan-cara,https://www.alodokter.com/komunitas/topic/sakit-kepala-saat-hamil-6-bulan-apa-penyebab-dan-cara
Apa saja pilihan makanan pengganti telur bagi ibu hamil yang alergi ?,/komunitas/topic/apa-saja-pilihan-makanan-pengganti-telur-bagi-ibu-hamil-yang,https://www.alodokter.com/komunitas/topic/apa-saja-pilihan-makanan-pengganti-telur-bagi-ibu-hamil-yang
Bagaimana cara mengatasi overthinking saat hamil?,/komunitas/topic/bagaimana-cara-mengatasi-overthinking-saat-hamil-,https://www.alodokter.com/komunitas/topic/bagaimana-cara-mengatasi-overthinking-saat-hamil-
Bagaimana mengurangi pikiran negatif selama kehamilan?,/komunitas/topic/bagaimana-mengurangi-pikiran-negatif-selama-kehamilan-,https://www.alodokter.com/komunitas/topic/bagaimana-mengurangi-pikiran-negatif-selama-kehamilan-
Bagaimana memenuhi protein saat hamil jika mual makan telur?,/komunitas/topic/bagaimana-memenuhi-protein-saat-hamil-jika-mual-makan-telur-,https://www.alodokter.com/komunitas/topic/bagaimana-memenuhi-protein-saat-hamil-jika-mual-makan-telur-
Apakah napas pendek saat hamil muda itu wajar?,/komunitas/topic/apakah-napas-pendek-saat-hamil-muda-itu-wajar-,https://www.alodokter.com/komunitas/topic/apakah-napas-pendek-saat-hamil-muda-itu-wajar-
Bagaimana cara mengatasi ambeien saat hamil?,/komunitas/topic/bagaimana-cara-mengatasi-ambeien-saat-hamil-,https://www.alodokter.com/komunitas/topic/bagaimana-cara-mengatasi-ambeien-saat-hamil-
Bolehkah ibu hamil makan makanan cepat saji?,/komunitas/topic/bolehkah-ibu-hamil-makan-makanan-cepat-saji-,https://www.alodokter.com/komunitas/topic/bolehkah-ibu-hamil-makan-makanan-cepat-saji-
Bagaimana mengurangi nyeri payudara saat hamil muda?,/komunitas/topic/bagaimana-mengurangi-nyeri-payudara-saat-hamil-muda-,https://www.alodokter.com/komunitas/topic/bagaimana-mengurangi-nyeri-payudara-saat-hamil-muda-
Bagaimana memastikan tubuh siap hamil kedua?,/komunitas/topic/bagaimana-memastikan-tubuh-siap-hamil-kedua-,https://www.alodokter.com/komunitas/topic/bagaimana-memastikan-tubuh-siap-hamil-kedua-
Berapa batas aman konsumsi teh untuk ibu hamil?,/komunitas/topic/berapa-batas-aman-konsumsi-teh-untuk-ibu-hamil-,https://www.alodokter.com/komunitas/topic/berapa-batas-aman-konsumsi-teh-untuk-ibu-hamil-
Apakah heartburn saat hamil itu normal?,/komunitas/topic/apakah-heartburn-saat-hamil-itu-normal-,https://www.alodokter.com/komunitas/topic/apakah-heartburn-saat-hamil-itu-normal-
Apakah normal ibu hamil tidak mual muntah di awal trimester?,/komunitas/topic/apakah-normal-ibu-hamil-tidak-mual-muntah-di-awal-trimester-,https://www.alodokter.com/komunitas/topic/apakah-normal-ibu-hamil-tidak-mual-muntah-di-awal-trimester-
Apakah enzim jantung tinggi bisa mempengaruhi kesuburan atau kehamilan pada wanita 32 tahun?,/komunitas/topic/apakah-enzim-jantung-tinggi-bisa-mempengaruhi-kesuburan-atau-kehamilan-pada,https://www.alodokter.com/komunitas/topic/apakah-enzim-jantung-tinggi-bisa-mempengaruhi-kesuburan-atau-kehamilan-pada
Amankah olahraga ringan setiap hari saat trimester pertama dan apa saja tipsnya?,/komunitas/topic/amankah-olahraga-ringan-setiap-hari-saat-trimester-pertama-dan-apa,https://www.alodokter.com/komunitas/topic/amankah-olahraga-ringan-setiap-hari-saat-trimester-pertama-dan-apa
Cara mengetahui nyeri perut yang normal pada awal kehamilan dan kapan harus periksa ke dokter,/komunitas/topic/cara-mengetahui-nyeri-perut-yang-normal-pada-awal-kehamilan-dan,https://www.alodokter.com/komunitas/topic/cara-mengetahui-nyeri-perut-yang-normal-pada-awal-kehamilan-dan
Telat haid 2 minggu tapi hasil testpack negatif. Apakah ada kemungkinan hamil atau penyebab lain?,/komunitas/topic/telat-haid-2-minggu-tapi-hasil-testpack-negatif--apakah-ada,https://www.alodokter.com/komunitas/topic/telat-haid-2-minggu-tapi-hasil-testpack-negatif--apakah-ada
"Telat haid 15 hari, testpack negatif, tapi saat USG ada penebalan rahim. Apakah tanda bahaya?",/komunitas/topic/telat-haid-15-hari--testpack-negatif--tapi-saat-usg-ada,https://www.alodokter.com/komunitas/topic/telat-haid-15-hari--testpack-negatif--tapi-saat-usg-ada
Apakah mimpi buruk sering terjadi pada bumil?,/komunitas/topic/apakah-mimpi-buruk-sering-terjadi-pada-bumil-,https://www.alodokter.com/komunitas/topic/apakah-mimpi-buruk-sering-terjadi-pada-bumil-
Bagaimana cara aman atasi sariawan saat hamil?,/komunitas/topic/bagaimana-cara-aman-atasi-sariawan-saat-hamil--,https://www.alodokter.com/komunitas/topic/bagaimana-cara-aman-atasi-sariawan-saat-hamil--
Apakah ada salep nyeri yang aman untuk ibu hamil?,/komunitas/topic/apakah-ada-salep-nyeri-yang-aman-untuk-ibu-hamil-,https://www.alodokter.com/komunitas/topic/apakah-ada-salep-nyeri-yang-aman-untuk-ibu-hamil-
Apa hubungannya kaki bengkak saat hamil dengan tekanan darah tinggi?,/komunitas/topic/apa-hubungannya-kaki-bengkak-saat-hamil-dengan-tekanan-darah-tinggi-,https://www.alodokter.com/komunitas/topic/apa-hubungannya-kaki-bengkak-saat-hamil-dengan-tekanan-darah-tinggi-
Apa obat sakit gigi yang aman untuk ibu hamil?,/komunitas/topic/apa-obat-sakit-gigi-yang-aman-untuk-ibu-hamil-,https://www.alodokter.com/komunitas/topic/apa-obat-sakit-gigi-yang-aman-untuk-ibu-hamil-
Kenapa ibu hamil dengan hipertensi lebih berisiko preeklamsia?,/komunitas/topic/kenapa-ibu-hamil-dengan-hipertensi-lebih-berisiko-preeklamsia-,https://www.alodokter.com/komunitas/topic/kenapa-ibu-hamil-dengan-hipertensi-lebih-berisiko-preeklamsia-
Apakah eksim saat hamil membahayakan janin?,/komunitas/topic/apakah-eksim-saat-hamil-membahayakan-janin-,https://www.alodokter.com/komunitas/topic/apakah-eksim-saat-hamil-membahayakan-janin-
Apa sakit pinggang di awal hamil tanda bahaya?,/komunitas/topic/apa-sakit-pinggang-di-awal-hamil-tanda-bahaya-,https://www.alodokter.com/komunitas/topic/apa-sakit-pinggang-di-awal-hamil-tanda-bahaya-
kenapa ibu hamil 28 minggu sering sesak napas?,/komunitas/topic/kenapa-ibu-hamil-28-minggu-sering-sesak-napas-,https://www.alodokter.com/komunitas/topic/kenapa-ibu-hamil-28-minggu-sering-sesak-napas-
Apa penyebab dan bagaimana cara mencegah kram kaki terutama pas malam hari hamil trimester ketiga?,/komunitas/topic/apa-penyebab-dan-bagaimana-cara-mencegah-kram-kaki-terutama-pas,https://www.alodokter.com/komunitas/topic/apa-penyebab-dan-bagaimana-cara-mencegah-kram-kaki-terutama-pas
Apakah obat TBC paru aman untuk ibu hamil dengan usia kandungan 4 bulan?,/komunitas/topic/apakah-obat-tbc-paru-aman-untuk-ibu-hamil-dengan-usia,https://www.alodokter.com/komunitas/topic/apakah-obat-tbc-paru-aman-untuk-ibu-hamil-dengan-usia
Kenapa varises muncul saat hamil 7 bulan dan bagaimana cara merawatnya?,/komunitas/topic/kenapa-varises-muncul-saat-hamil-7-bulan-dan-bagaimana-cara,https://www.alodokter.com/komunitas/topic/kenapa-varises-muncul-saat-hamil-7-bulan-dan-bagaimana-cara
Bagaimana memilih skincare yang aman untuk ibu hamil 6 bulan?,/komunitas/topic/bagaimana-memilih-skincare-yang-aman-untuk-ibu-hamil-6-bulan-,https://www.alodokter.com/komunitas/topic/bagaimana-memilih-skincare-yang-aman-untuk-ibu-hamil-6-bulan-
Apa yang aman digunakan untuk mengatasi jerawat saat hamil trimester pertama?,/komunitas/topic/apa-yang-aman-digunakan-untuk-mengatasi-jerawat-saat-hamil-trimester,https://www.alodokter.com/komunitas/topic/apa-yang-aman-digunakan-untuk-mengatasi-jerawat-saat-hamil-trimester
Bagaimana membedakan kram perut dan keputihan normal dengan tanda bahaya pada kehamilan 10 minggu?,/komunitas/topic/bagaimana-membedakan-kram-perut-dan-keputihan-normal-dengan-tanda-bahaya,https://www.alodokter.com/komunitas/topic/bagaimana-membedakan-kram-perut-dan-keputihan-normal-dengan-tanda-bahaya
"Kenapa sering lelah dan nafsu makan meningkat saat haid terlambat, apakah ini tanda kehamilan?",/komunitas/topic/kenapa-sering-lelah-dan-nafsu-makan-meningkat-saat-haid-terlambat-,https://www.alodokter.com/komunitas/topic/kenapa-sering-lelah-dan-nafsu-makan-meningkat-saat-haid-terlambat-
Apakah pusing kepala dan telat haid 6 hari tanda awal kehamilan?,/komunitas/topic/apakah-pusing-kepala-dan-telat-haid-6-hari-tanda-awal,https://www.alodokter.com/komunitas/topic/apakah-pusing-kepala-dan-telat-haid-6-hari-tanda-awal
Bagaimana cara aman mengatasi sakit gigi berlubang pada ibu hamil 5 bulan?,/komunitas/topic/bagaimana-cara-aman-mengatasi-sakit-gigi-berlubang-pada-ibu-hamil,https://www.alodokter.com/komunitas/topic/bagaimana-cara-aman-mengatasi-sakit-gigi-berlubang-pada-ibu-hamil
Kenapa test pack menunjukkan dua garis samar meski belum ada gejala hamil?,/komunitas/topic/kenapa-test-pack-menunjukkan-dua-garis-samar-meski-belum-ada,https://www.alodokter.com/komunitas/topic/kenapa-test-pack-menunjukkan-dua-garis-samar-meski-belum-ada
Kenapa ibu hamil 7 bulan sering mengalami kesemutan di jari tangan dan kaki?,/komunitas/topic/kenapa-ibu-hamil-7-bulan-sering-mengalami-kesemutan-di-jari,https://www.alodokter.com/komunitas/topic/kenapa-ibu-hamil-7-bulan-sering-mengalami-kesemutan-di-jari
Kenapa ibu hamil 6 bulan sering terbangun untuk pipis di malam hari?,/komunitas/topic/kenapa-ibu-hamil-6-bulan-sering-terbangun-untuk-pipis-di,https://www.alodokter.com/komunitas/topic/kenapa-ibu-hamil-6-bulan-sering-terbangun-untuk-pipis-di
Bagaimana mengatasi kaki bengkak dan nyeri punggung saat hamil kembar?,/komunitas/topic/bagaimana-mengatasi-kaki-bengkak-dan-nyeri-punggung-saat-hamil-kembar-,https://www.alodokter.com/komunitas/topic/bagaimana-mengatasi-kaki-bengkak-dan-nyeri-punggung-saat-hamil-kembar-
Apakah kram kaki malam hari umum terjadi pada ibu hamil trimester 3?,/komunitas/topic/apakah-kram-kaki-malam-hari-umum-terjadi-pada-ibu-hamil,https://www.alodokter.com/komunitas/topic/apakah-kram-kaki-malam-hari-umum-terjadi-pada-ibu-hamil
Apakah anemia pada trimester kedua kehamilan dapat menimbulkan risiko bagi janin?,/komunitas/topic/apakah-anemia-pada-trimester-kedua-kehamilan-dapat-menimbulkan-risiko-bagi,https://www.alodokter.com/komunitas/topic/apakah-anemia-pada-trimester-kedua-kehamilan-dapat-menimbulkan-risiko-bagi
Apakah ibu hamil dengan skoliosis ringan berisiko mengalami masalah saat persalinan?,/komunitas/topic/apakah-ibu-hamil-dengan-skoliosis-ringan-berisiko-mengalami-masalah-saat,https://www.alodokter.com/komunitas/topic/apakah-ibu-hamil-dengan-skoliosis-ringan-berisiko-mengalami-masalah-saat
Apa penyebab perut menjadi kencang setelah beraktivitas saat hamil 7 bulan?,/komunitas/topic/apa-penyebab-perut-menjadi-kencang-setelah-beraktivitas-saat-hamil-7,https://www.alodokter.com/komunitas/topic/apa-penyebab-perut-menjadi-kencang-setelah-beraktivitas-saat-hamil-7
Apakah flek kecokelatan saat hamil 10 minggu termasuk tanda bahaya?,/komunitas/topic/apakah-flek-kecokelatan-saat-hamil-10-minggu-termasuk-tanda-bahaya-,https://www.alodokter.com/komunitas/topic/apakah-flek-kecokelatan-saat-hamil-10-minggu-termasuk-tanda-bahaya-
Apakah janin 12 minggu sudah memiliki semua organ tubuh yang lengkap?,/komunitas/topic/apakah-janin-12-minggu-sudah-memiliki-semua-organ-tubuh-yang,https://www.alodokter.com/komunitas/topic/apakah-janin-12-minggu-sudah-memiliki-semua-organ-tubuh-yang
Bagaimana cara mengurangi nyeri payudara saat hamil 20 minggu?,/komunitas/topic/bagaimana-cara-mengurangi-nyeri-payudara-saat-hamil-20-minggu-,https://www.alodokter.com/komunitas/topic/bagaimana-cara-mengurangi-nyeri-payudara-saat-hamil-20-minggu-
Apakah kembung hampir setiap hari di awal kehamilan termasuk normal?,/komunitas/topic/apakah-kembung--hampir-setiap-hari-di-awal-kehamilan-termasuk-normal-,https://www.alodokter.com/komunitas/topic/apakah-kembung--hampir-setiap-hari-di-awal-kehamilan-termasuk-normal-
Apa yang menyebabkan perut begah saat hamil muda?,/komunitas/topic/apa-yang-menyebabkan-perut-begah-saat-hamil-muda-,https://www.alodokter.com/komunitas/topic/apa-yang-menyebabkan-perut-begah-saat-hamil-muda-
Bagaimana cara mengatasi perut kembung saat hamil 8 minggu?,/komunitas/topic/bagaimana-cara-mengatasi-perut-kembung-saat-hamil-8-minggu-,https://www.alodokter.com/komunitas/topic/bagaimana-cara-mengatasi-perut-kembung-saat-hamil-8-minggu-
Apa masih bisa hamil jika berhubungan setelah masa ovulasi?,/komunitas/topic/apa-masih-bisa-hamil-jika-berhubungan-setelah-masa-ovulasi-,https://www.alodokter.com/komunitas/topic/apa-masih-bisa-hamil-jika-berhubungan-setelah-masa-ovulasi-
"Hamil 7 bulan, tekanan darah tinggi dan kaki bengkak, apakah ini tanda preeklamsia?",/komunitas/topic/hamil-7-bulan--tekanan-darah-tinggi-dan-kaki-bengkak--apa,https://www.alodokter.com/komunitas/topic/hamil-7-bulan--tekanan-darah-tinggi-dan-kaki-bengkak--apa
Apakah berhubungan dengan suami di awal kehamilan bisa membahayakan janin?,/komunitas/topic/apakah-berhubungan-dengan-suami-di-awal-kehamilan-bisa-membahayakan-janin-,https://www.alodokter.com/komunitas/topic/apakah-berhubungan-dengan-suami-di-awal-kehamilan-bisa-membahayakan-janin-
Apa saja makanan sehat untuk trimester pertama?,/komunitas/topic/apa-saja-makanan-sehat-untuk-trimester-pertama-,https://www.alodokter.com/komunitas/topic/apa-saja-makanan-sehat-untuk-trimester-pertama-
Apa tips agar perut nyaman saat hamil trimester pertama?,/komunitas/topic/apa-tips-agar-perut-nyaman-saat-hamil-trimester-pertama-,https://www.alodokter.com/komunitas/topic/apa-tips-agar-perut-nyaman-saat-hamil-trimester-pertama-
Apa yang harus dilakukan sebelum USG kehamilan 6 bulan agar janin terlihat jelas?,/komunitas/topic/tips-agar-hasil-usg-jelas-apa-ya-dok-,https://www.alodokter.com/komunitas/topic/tips-agar-hasil-usg-jelas-apa-ya-dok-
Cara aman menurunkan tekanan darah tinggi pada ibu hamil 7 bulan dengan kaki bengkak?,/komunitas/topic/hamil-7-bulan-tensi-160--bahaya-gak-ya-dok-dan,https://www.alodokter.com/komunitas/topic/hamil-7-bulan-tensi-160--bahaya-gak-ya-dok-dan
Apakah nyeri perut dan keputihan saat hamil 5 bulan berbahaya?,/komunitas/topic/apakah-nyeri-perut-dan-keputihan-saat-hamil-5-bulan-berbahaya-,https://www.alodokter.com/komunitas/topic/apakah-nyeri-perut-dan-keputihan-saat-hamil-5-bulan-berbahaya-
Berapa dosis asam folat yang disarankan untuk ibu hamil di trimester pertama?,/komunitas/topic/berapa-dosis-asam-folat-yang-disarankan-untuk-ibu-hamil-di,https://www.alodokter.com/komunitas/topic/berapa-dosis-asam-folat-yang-disarankan-untuk-ibu-hamil-di
Wajar atau tidak bila perut terasa kencang saat hamil 9 minggu?,/komunitas/topic/wajar-atau-tidak-bila-perut-terasa-kencang-saat-hamil-9,https://www.alodokter.com/komunitas/topic/wajar-atau-tidak-bila-perut-terasa-kencang-saat-hamil-9
Berapa lama proses melahirkan dimulai setelah muncul flek tanda persalinan?,/komunitas/topic/berapa-lama-proses-melahirkan-dimulai-setelah-muncul-flek-tanda-persalinan-,https://www.alodokter.com/komunitas/topic/berapa-lama-proses-melahirkan-dimulai-setelah-muncul-flek-tanda-persalinan-
Kapan waktu terbaik untuk tes kehamilan setelah muncul tanda awal kehamilan?,/komunitas/topic/kapan-waktu-terbaik-untuk-tes-kehamilan-setelah-muncul-tanda-awal,https://www.alodokter.com/komunitas/topic/kapan-waktu-terbaik-untuk-tes-kehamilan-setelah-muncul-tanda-awal
Kenapa punggung saya sakit terus selama hamil?,/komunitas/topic/kenapa-punggung-saya-sakit-terus-selama-hamil-,https://www.alodokter.com/komunitas/topic/kenapa-punggung-saya-sakit-terus-selama-hamil-
Seberapa ideal kenaikan berat badan ibu hamil saat usia kandungan 35 minggu?,/komunitas/topic/seberapa-ideal-kenaikan-berat-badan-ibu-hamil-saat-usia-kandungan,https://www.alodokter.com/komunitas/topic/seberapa-ideal-kenaikan-berat-badan-ibu-hamil-saat-usia-kandungan
Kenapa pinggang belakang terasa nyeri terus selama hamil?,/komunitas/topic/kenapa-pinggang-belakang-terasa-nyeri-terus-selama-hamil-,https://www.alodokter.com/komunitas/topic/kenapa-pinggang-belakang-terasa-nyeri-terus-selama-hamil-
Gaya berhubungan yang aman untuk ibu hamil 8 bulan?,/komunitas/topic/gaya-berhubungan-yang-aman-untuk-ibu-hamil-8-bulan-,https://www.alodokter.com/komunitas/topic/gaya-berhubungan-yang-aman-untuk-ibu-hamil-8-bulan-
Jenis ikan apa yang aman dikonsumsi ibu hamil?,/komunitas/topic/jenis-ikan-apa-yang-aman-dikonsumsi-ibu-hamil-,https://www.alodokter.com/komunitas/topic/jenis-ikan-apa-yang-aman-dikonsumsi-ibu-hamil-
Kenapa ibu hamil sering merasakan nyeri di bagian pinggang belakang?,/komunitas/topic/kenapa-ibu-hamil-sering-merasakan-nyeri-di-bagian-pinggang-belakang-,https://www.alodokter.com/komunitas/topic/kenapa-ibu-hamil-sering-merasakan-nyeri-di-bagian-pinggang-belakang-
Apakah aman berhubungan intim saat hamil?,/komunitas/topic/apakah-aman-berhubungan-intim-saat-hamil-,https://www.alodokter.com/komunitas/topic/apakah-aman-berhubungan-intim-saat-hamil-
Apakah normal belum merasakan kontraksi kuat padahal usia kandungan sudah 39 minggu?,/komunitas/topic/apakah-normal-belum-merasakan-kontraksi-kuat-padahal-usia-kandungan-sudah,https://www.alodokter.com/komunitas/topic/apakah-normal-belum-merasakan-kontraksi-kuat-padahal-usia-kandungan-sudah
Bagaimana cara mengatasi sembelit saat hamil?,/komunitas/topic/bagaimana-cara-mengatasi-sembelit-saat-hamil-,https://www.alodokter.com/komunitas/topic/bagaimana-cara-mengatasi-sembelit-saat-hamil-
Makanan apa yang sebaiknya dikonsumsi pada awal kehamilan?,/komunitas/topic/makanan-apa-yang-sebaiknya-dikonsumsi-pada-awal-kehamilan-,https://www.alodokter.com/komunitas/topic/makanan-apa-yang-sebaiknya-dikonsumsi-pada-awal-kehamilan-
Apa saja ciri kehamilan di usia 1 minggu?,/komunitas/topic/apa-saja-ciri-kehamilan-di-usia-1-minggu-,https://www.alodokter.com/komunitas/topic/apa-saja-ciri-kehamilan-di-usia-1-minggu-
Gejala apa saja yang masih dianggap normal saat hamil 5 bulan?,/komunitas/topic/gejala-apa-saja-yang-masih-dianggap-normal-saat-hamil-5,https://www.alodokter.com/komunitas/topic/gejala-apa-saja-yang-masih-dianggap-normal-saat-hamil-5
Bagaimana kehamilan bisa terjadi meski tidak merencanakan?,/komunitas/topic/bagaimana-kehamilan-bisa-terjadi-meski-tidak-merencanakan-,https://www.alodokter.com/komunitas/topic/bagaimana-kehamilan-bisa-terjadi-meski-tidak-merencanakan-
Bagaimana cara memastikan bayi 5 bulan dalam kandungan sehat?,/komunitas/topic/bagaimana-cara-memastikan-bayi-5-bulan-dalam-kandungan-sehat-,https://www.alodokter.com/komunitas/topic/bagaimana-cara-memastikan-bayi-5-bulan-dalam-kandungan-sehat-
Apakah janin usia 23 minggu sudah bisa mendengar suara dari luar perut?,/komunitas/topic/apakah-janin-usia-23-minggu-sudah-bisa-mendengar-suara-dari,https://www.alodokter.com/komunitas/topic/apakah-janin-usia-23-minggu-sudah-bisa-mendengar-suara-dari
Apakah nyeri ringan di perut bawah saat hamil 32 minggu masih tergolong normal?,/komunitas/topic/apakah-nyeri-ringan-di-perut-bawah-saat-hamil-32-minggu,https://www.alodokter.com/komunitas/topic/apakah-nyeri-ringan-di-perut-bawah-saat-hamil-32-minggu
Apakah bisa hamil jika sperma mengenai area vagina tanpa penetrasi?,/komunitas/topic/apakah-bisa-hamil-jika-sperma-mengenai-area-vagina-tanpa-penetrasi-,https://www.alodokter.com/komunitas/topic/apakah-bisa-hamil-jika-sperma-mengenai-area-vagina-tanpa-penetrasi-
Apakah berat janin 36 minggu yang di atas rata-rata normal?,/komunitas/topic/apakah-berat-janin-36-minggu-yang-di-atas-rata-rata-normal-,https://www.alodokter.com/komunitas/topic/apakah-berat-janin-36-minggu-yang-di-atas-rata-rata-normal-
Benarkah ibu hamil tidak boleh memelihara kucing?,/komunitas/topic/benarkah-ibu-hamil-tidak-boleh-memelihara-kucing-,https://www.alodokter.com/komunitas/topic/benarkah-ibu-hamil-tidak-boleh-memelihara-kucing-
Bolehkah tetap berhubungan intim di trimester ketiga kehamilan?,/komunitas/topic/bolehkah-tetap-berhubungan-intim-di-trimester-ketiga-kehamilan-,https://www.alodokter.com/komunitas/topic/bolehkah-tetap-berhubungan-intim-di-trimester-ketiga-kehamilan-
Vitamin apa yang sebaiknya dikonsumsi untuk program hamil?,/komunitas/topic/vitamin-apa-yang-sebaiknya-dikonsumsi-untuk-program-hamil-,https://www.alodokter.com/komunitas/topic/vitamin-apa-yang-sebaiknya-dikonsumsi-untuk-program-hamil-
Obat batuk apa yang aman untuk ibu hamil 5 bulan?,/komunitas/topic/obat-batuk-apa-yang-aman-untuk-ibu-hamil-5-bulan-,https://www.alodokter.com/komunitas/topic/obat-batuk-apa-yang-aman-untuk-ibu-hamil-5-bulan-
Apakah makan pisang aman untuk ibu hamil?,/komunitas/topic/apakah-makan-pisang-aman-untuk-ibu-hamil-,https://www.alodokter.com/komunitas/topic/apakah-makan-pisang-aman-untuk-ibu-hamil-
Apakah protein urine positif 1 saat hamil termasuk kondisi berbahaya?,/komunitas/topic/apakah-protein-urine-positif-1-saat-hamil-termasuk-kondisi-berbahaya-,https://www.alodokter.com/komunitas/topic/apakah-protein-urine-positif-1-saat-hamil-termasuk-kondisi-berbahaya-
Amankah ketan hitam dikonsumsi saat usia kehamilan 5 bulan?,/komunitas/topic/amankah-ketan-hitam-dikonsumsi-saat-usia-kehamilan-5-bulan-,https://www.alodokter.com/komunitas/topic/amankah-ketan-hitam-dikonsumsi-saat-usia-kehamilan-5-bulan-
Kenapa muncul flek di usia kehamilan 6 minggu?,/komunitas/topic/kenapa-muncul-flek-di-usia-kehamilan-6-minggu-,https://www.alodokter.com/komunitas/topic/kenapa-muncul-flek-di-usia-kehamilan-6-minggu-
"Hubungan suami istri di usia kehamilan 4 minggu, apakah berbahaya?",/komunitas/topic/hubungan-suami-istri-di-usia-kehamilan-4-minggu--apakah-berbahaya-,https://www.alodokter.com/komunitas/topic/hubungan-suami-istri-di-usia-kehamilan-4-minggu--apakah-berbahaya-
Apakah bisa hamil jika haid hanya berlangsung satu hari?,/komunitas/topic/apakah-bisa-hamil-jika-haid-hanya-berlangsung-satu-hari-,https://www.alodokter.com/komunitas/topic/apakah-bisa-hamil-jika-haid-hanya-berlangsung-satu-hari-
"Mengapa muncul keinginan makan aneh dan mual di pagi hari, apakah itu tanda hamil?",/komunitas/topic/mengapa-muncul-keinginan-makan-aneh-dan-mual-di-pagi-hari-,https://www.alodokter.com/komunitas/topic/mengapa-muncul-keinginan-makan-aneh-dan-mual-di-pagi-hari-
Mengapa haid bisa telat dan bagaimana cara mempercepat datangnya menstruasi?,/komunitas/topic/mengapa-haid-bisa-telat-dan-bagaimana-cara-mempercepat-datangnya-menstruasi-,https://www.alodokter.com/komunitas/topic/mengapa-haid-bisa-telat-dan-bagaimana-cara-mempercepat-datangnya-menstruasi-
Apakah flek coklat setelah berhubungan bisa menjadi tanda hamil?,/komunitas/topic/apakah-flek-coklat-setelah-berhubungan-bisa-menjadi-tanda-hamil-,https://www.alodokter.com/komunitas/topic/apakah-flek-coklat-setelah-berhubungan-bisa-menjadi-tanda-hamil-
Apakah denyut nadi yang cepat saat hamil termasuk normal?,/komunitas/topic/apakah-denyut-nadi-yang-cepat-saat-hamil-termasuk-normal-,https://www.alodokter.com/komunitas/topic/apakah-denyut-nadi-yang-cepat-saat-hamil-termasuk-normal-
Apakah normal perut sering kencang saat hamil 5 bulan?,/komunitas/topic/apakah-normal-perut-sering-kencang-saat-hamil-5-bulan-,https://www.alodokter.com/komunitas/topic/apakah-normal-perut-sering-kencang-saat-hamil-5-bulan-
Apakah petting bisa menyebabkan kehamilan meskipun tanpa penetrasi?,/komunitas/topic/apakah-petting-bisa-menyebabkan-kehamilan-meskipun-tanpa-penetrasi-,https://www.alodokter.com/komunitas/topic/apakah-petting-bisa-menyebabkan-kehamilan-meskipun-tanpa-penetrasi-
Apakah pil KB darurat masih efektif dua hari setelah berhubungan?,/komunitas/topic/apakah-pil-kb-darurat-masih-efektif-dua-hari-setelah-berhubungan-,https://www.alodokter.com/komunitas/topic/apakah-pil-kb-darurat-masih-efektif-dua-hari-setelah-berhubungan-
Apakah air mani kedua bisa menyebabkan kehamilan?,/komunitas/topic/apakah-air-mani-kedua-bisa-menyebabkan-kehamilan-,https://www.alodokter.com/komunitas/topic/apakah-air-mani-kedua-bisa-menyebabkan-kehamilan-
Apa penyebab punggung sakit saat kehamilan?,/komunitas/topic/apa-penyebab-punggung-sakit-saat-kehamilan-,https://www.alodokter.com/komunitas/topic/apa-penyebab-punggung-sakit-saat-kehamilan-
Bisa hamilkah kalau berhubungan intim ketika sedang mengalami flek?,/komunitas/topic/bisa-hamilkah-kalau-berhubungan-intim-ketika-sedang-mengalami-flek-,https://www.alodokter.com/komunitas/topic/bisa-hamilkah-kalau-berhubungan-intim-ketika-sedang-mengalami-flek-
Apakah normal tespek positif lalu haid datang seperti biasa?,/komunitas/topic/apakah-normal-tespek-positif-lalu-haid-datang-seperti-biasa-,https://www.alodokter.com/komunitas/topic/apakah-normal-tespek-positif-lalu-haid-datang-seperti-biasa-
Bolehkah ibu hamil mengonsumsi minuman dingin atau es?,/komunitas/topic/bolehkah-ibu-hamil-mengonsumsi-minuman-dingin-atau-es-,https://www.alodokter.com/komunitas/topic/bolehkah-ibu-hamil-mengonsumsi-minuman-dingin-atau-es-
Bagaimana cara mengatasi sesak napas saat hamil 7 bulan?,/komunitas/topic/bagaimana-cara-mengatasi-sesak-napas-saat-hamil-7-bulan-,https://www.alodokter.com/komunitas/topic/bagaimana-cara-mengatasi-sesak-napas-saat-hamil-7-bulan-
Apakah 2 garis samar pada tespek berarti hamil?,/komunitas/topic/apakah-2-garis-samar-pada-tespek-berarti-hamil-,https://www.alodokter.com/komunitas/topic/apakah-2-garis-samar-pada-tespek-berarti-hamil-
Bagaimana cara mengetahui penyebab darah segar keluar saat hamil 5 minggu?,/komunitas/topic/bagaimana-cara-mengetahui-penyebab-darah-segar-keluar-saat-hamil-5,https://www.alodokter.com/komunitas/topic/bagaimana-cara-mengetahui-penyebab-darah-segar-keluar-saat-hamil-5
Bagaimana cara mengatasi sakit perut saat hamil 7 bulan?,/komunitas/topic/bagaimana-cara-mengatasi-sakit-perut-saat-hamil-7-bulan-,https://www.alodokter.com/komunitas/topic/bagaimana-cara-mengatasi-sakit-perut-saat-hamil-7-bulan-
Bagaimana cara mengetahui telat haid 4 hari itu karena hamil atau bukan?,/komunitas/topic/bagaimana-cara-mengetahui-telat-haid-4-hari-itu-karena-hamil,https://www.alodokter.com/komunitas/topic/bagaimana-cara-mengetahui-telat-haid-4-hari-itu-karena-hamil
"Nyeri punggung hamil sampai paha, kenapa?",/komunitas/topic/nyeri-punggung-hamil-sampai-paha--kenapa-,https://www.alodokter.com/komunitas/topic/nyeri-punggung-hamil-sampai-paha--kenapa-
Bagaimana mencukupi nutrisi ibu hamil?,/komunitas/topic/bagaimana-mencukupi-nutrisi-ibu-hamil-,https://www.alodokter.com/komunitas/topic/bagaimana-mencukupi-nutrisi-ibu-hamil-
"Mual muntah parah saat hamil, normal?",/komunitas/topic/mual-muntah-parah-saat-hamil--normal-,https://www.alodokter.com/komunitas/topic/mual-muntah-parah-saat-hamil--normal-
Apakah nyeri perut bawah saat hamil normal?,/komunitas/topic/apakah-nyeri-perut-bawah-saat-hamil-normal-,https://www.alodokter.com/komunitas/topic/apakah-nyeri-perut-bawah-saat-hamil-normal-
Kenapa bagian bawah perut terasa tertarik saat hamil?,/komunitas/topic/kenapa-bagian-bawah-perut-terasa-tertarik-saat-hamil-,https://www.alodokter.com/komunitas/topic/kenapa-bagian-bawah-perut-terasa-tertarik-saat-hamil-
Kapan waktu terbaik minum pil KB darurat agar efektif mencegah kehamilan?,/komunitas/topic/kapan-waktu-terbaik-minum-pil-kb-darurat-agar-efektif-mencegah,https://www.alodokter.com/komunitas/topic/kapan-waktu-terbaik-minum-pil-kb-darurat-agar-efektif-mencegah
Kapan perut mulai membesar saat hamil?,/komunitas/topic/kapan-perut-mulai-membesar-saat-hamil-,https://www.alodokter.com/komunitas/topic/kapan-perut-mulai-membesar-saat-hamil-
"Gerakan janin terlalu sering, normal nggak ya?",/komunitas/topic/gerakan-janin-terlalu-sering--normal-nggak-ya-,https://www.alodokter.com/komunitas/topic/gerakan-janin-terlalu-sering--normal-nggak-ya-
"Perut terasa kencang saat hamil 7 bulan, normal?",/komunitas/topic/perut-terasa-kencang-saat-hamil-7-bulan--normal-,https://www.alodokter.com/komunitas/topic/perut-terasa-kencang-saat-hamil-7-bulan--normal-
Benarkah menyusui saat hamil muda bisa menyebabkan keguguran?,/komunitas/topic/benarkah-menyusui-saat-hamil-muda-bisa-menyebabkan-keguguran-,https://www.alodokter.com/komunitas/topic/benarkah-menyusui-saat-hamil-muda-bisa-menyebabkan-keguguran-
Benarkah aktivitas seksual di trimester akhir bisa memicu kontraksi?,/komunitas/topic/benarkah-aktivitas-seksual-di-trimester-akhir-bisa-memicu-kontraksi-,https://www.alodokter.com/komunitas/topic/benarkah-aktivitas-seksual-di-trimester-akhir-bisa-memicu-kontraksi-
Posisi tidur apa yang sebaiknya dihindari saat usia kehamilan masuk 5 bulan?,/komunitas/topic/posisi-tidur-apa-yang-sebaiknya-dihindari-saat-usia-kehamilan-masuk,https://www.alodokter.com/komunitas/topic/posisi-tidur-apa-yang-sebaiknya-dihindari-saat-usia-kehamilan-masuk
Apakah nyeri perut bawah saat hamil 20 minggu termasuk hal yang normal?,/komunitas/topic/apakah-nyeri-perut-bawah-saat-hamil-20-minggu-termasuk-hal,https://www.alodokter.com/komunitas/topic/apakah-nyeri-perut-bawah-saat-hamil-20-minggu-termasuk-hal
Apakah janin bisa terganggu jika berhubungan saat hamil?,/komunitas/topic/apakah-janin-bisa-terganggu-jika-berhubungan-saat-hamil-,https://www.alodokter.com/komunitas/topic/apakah-janin-bisa-terganggu-jika-berhubungan-saat-hamil-
Bagaimana cara mengatasi sakit pinggang saat hamil tanpa obat?,/komunitas/topic/bagaimana-cara-mengatasi-sakit-pinggang-saat-hamil-tanpa-obat-,https://www.alodokter.com/komunitas/topic/bagaimana-cara-mengatasi-sakit-pinggang-saat-hamil-tanpa-obat-
Apa penyebab sesak napas saat hamil meski tidak punya riwayat asma?,/komunitas/topic/apa-penyebab-sesak-napas-saat-hamil-meski-tidak-punya-riwayat,https://www.alodokter.com/komunitas/topic/apa-penyebab-sesak-napas-saat-hamil-meski-tidak-punya-riwayat
Apakah perut begah bisa mengganggu perkembangan janin di awal kehamilan?,/komunitas/topic/apakah-perut-begah-bisa-mengganggu-perkembangan-janin-di-awal-kehamilan-,https://www.alodokter.com/komunitas/topic/apakah-perut-begah-bisa-mengganggu-perkembangan-janin-di-awal-kehamilan-
Apakah flek coklat saat hamil 10 minggu itu normal?,/komunitas/topic/apakah-flek-coklat-saat-hamil-10-minggu-itu-normal-,https://www.alodokter.com/komunitas/topic/apakah-flek-coklat-saat-hamil-10-minggu-itu-normal-
Apa pilihan obat yang aman saat hamil?,/komunitas/topic/apa-pilihan-obat-yang-aman-saat-hamil-,https://www.alodokter.com/komunitas/topic/apa-pilihan-obat-yang-aman-saat-hamil-
Apakah benar kehamilan di atas 35 tahun berisiko Down Syndrome?,/komunitas/topic/apakah-benar-kehamilan-di-atas-35-tahun-berisiko-down-syndrome-,https://www.alodokter.com/komunitas/topic/apakah-benar-kehamilan-di-atas-35-tahun-berisiko-down-syndrome-
Apakah air ketuban banyak bisa menandakan masalah pada janin?,/komunitas/topic/apakah-air-ketuban-banyak-bisa-menandakan-masalah-pada-janin-,https://www.alodokter.com/komunitas/topic/apakah-air-ketuban-banyak-bisa-menandakan-masalah-pada-janin-
"Nyeri perut bawah saat hamil 6 bulan, normal nggak?",/komunitas/topic/nyeri-perut-bawah-saat-hamil-6-bulan--normal-nggak-,https://www.alodokter.com/komunitas/topic/nyeri-perut-bawah-saat-hamil-6-bulan--normal-nggak-
Apakah perubahan warna pada leher saat hamil berkaitan dengan hormon atau kondisi medis tertentu?,/komunitas/topic/apakah-perubahan-warna-pada-leher-saat-hamil-berkaitan-dengan-hormon,https://www.alodokter.com/komunitas/topic/apakah-perubahan-warna-pada-leher-saat-hamil-berkaitan-dengan-hormon
"dok, apakah air kunyit aman diminum oleh ibu hamil untuk meredakan mual dan kembung?",/komunitas/topic/dok--apakah-air-kunyit-aman-diminum-oleh-ibu-hamil-untuk,https://www.alodokter.com/komunitas/topic/dok--apakah-air-kunyit-aman-diminum-oleh-ibu-hamil-untuk
Bolehkah ibu hamil 32 minggu minum nifedipine untuk tekanan darah tinggi?,/komunitas/topic/bolehkah-ibu-hamil-32-minggu-minum-nifedipine-untuk-tekanan-darah,https://www.alodokter.com/komunitas/topic/bolehkah-ibu-hamil-32-minggu-minum-nifedipine-untuk-tekanan-darah
"Tinggi fundus saya lebih kecil dari teman yang hamil 23 minggu, apakah normal?",/komunitas/topic/tinggi-fundus-saya-lebih-kecil-dari-teman-yang-hamil-23,https://www.alodokter.com/komunitas/topic/tinggi-fundus-saya-lebih-kecil-dari-teman-yang-hamil-23
Normalkah jika posisi janin 4 bulan belum jelas saat diperiksa?,/komunitas/topic/normalkah-jika-posisi-janin-4-bulan-belum-jelas-saat-diperiksa-,https://www.alodokter.com/komunitas/topic/normalkah-jika-posisi-janin-4-bulan-belum-jelas-saat-diperiksa-
Apakah normal jika perut terasa kencang saat hamil 28 minggu?,/komunitas/topic/apakah-normal-jika-perut-terasa-kencang-saat-hamil-28-minggu-,https://www.alodokter.com/komunitas/topic/apakah-normal-jika-perut-terasa-kencang-saat-hamil-28-minggu-
Bagaimana cara mengatasi keluhan lemas yang sering terjadi saat hamil?,/komunitas/topic/bagaimana-cara-mengatasi-keluhan-lemas-yang-sering-terjadi-saat-hamil-,https://www.alodokter.com/komunitas/topic/bagaimana-cara-mengatasi-keluhan-lemas-yang-sering-terjadi-saat-hamil-
Benarkah ibu hamil 7 bulan tidak boleh makan nanas dan minum air dingin?,/komunitas/topic/benarkah-ibu-hamil-7-bulan-tidak-boleh-makan-nanas-dan,https://www.alodokter.com/komunitas/topic/benarkah-ibu-hamil-7-bulan-tidak-boleh-makan-nanas-dan
Bagaimana cara menjaga kandungan agar tetap kuat di awal kehamilan?,/komunitas/topic/bagaimana-cara-menjaga-kandungan-agar-tetap-kuat-di-awal-kehamilan-,https://www.alodokter.com/komunitas/topic/bagaimana-cara-menjaga-kandungan-agar-tetap-kuat-di-awal-kehamilan-
Benarkah gerakan bayi di bawah perut bisa jadi ciri janin sungsang?,/komunitas/topic/benarkah-gerakan-bayi-di-bawah-perut-bisa-jadi-ciri-janin,https://www.alodokter.com/komunitas/topic/benarkah-gerakan-bayi-di-bawah-perut-bisa-jadi-ciri-janin
Kenapa pertambahan berat janin terasa lambat di usia kehamilan 30 minggu?,/komunitas/topic/kenapa-pertambahan-berat-janin-terasa-lambat-di-usia-kehamilan-30,https://www.alodokter.com/komunitas/topic/kenapa-pertambahan-berat-janin-terasa-lambat-di-usia-kehamilan-30
Kenapa perut tetap bunyi saat hamil meskipun sudah makan?,/komunitas/topic/kenapa-perut-tetap-bunyi-saat-hamil-meskipun-sudah-makan-,https://www.alodokter.com/komunitas/topic/kenapa-perut-tetap-bunyi-saat-hamil-meskipun-sudah-makan-
Benarkah hubungan intim menjelang persalinan bisa mempercepat proses melahirkan?,/komunitas/topic/benarkah-hubungan-intim-menjelang-persalinan-bisa-mempercepat-proses-melahirkan-,https://www.alodokter.com/komunitas/topic/benarkah-hubungan-intim-menjelang-persalinan-bisa-mempercepat-proses-melahirkan-
Kenapa bisa keluar darah setelah berhubungan saat usia kehamilan masih awal?,/komunitas/topic/kenapa-bisa-keluar-darah-setelah-berhubungan-saat-usia-kehamilan-masih,https://www.alodokter.com/komunitas/topic/kenapa-bisa-keluar-darah-setelah-berhubungan-saat-usia-kehamilan-masih
"Kenapa Perut Terasa Kencang dan Nyeri Saat Baru Telat Haid, Apakah Hamil?",/komunitas/topic/kenapa-perut-terasa-kencang-dan-nyeri-saat-baru-telat-haid-,https://www.alodokter.com/komunitas/topic/kenapa-perut-terasa-kencang-dan-nyeri-saat-baru-telat-haid-
Bagaimana mengetahui tanda-tanda kandungan lemah di awal kehamilan?,/komunitas/topic/bagaimana-mengetahui-tanda-tanda-kandungan-lemah-di-awal-kehamilan-,https://www.alodokter.com/komunitas/topic/bagaimana-mengetahui-tanda-tanda-kandungan-lemah-di-awal-kehamilan-
Apa saja yang bisa dilakukan jika mual saat hamil muda membuat sulit makan?,/komunitas/topic/apa-saja-yang-bisa-dilakukan-jika-mual-saat-hamil-muda,https://www.alodokter.com/komunitas/topic/apa-saja-yang-bisa-dilakukan-jika-mual-saat-hamil-muda
Apa saja makanan yang baik dikonsumsi saat hamil muda usia 1 bulan?,/komunitas/topic/apa-saja-makanan-yang-baik-dikonsumsi-saat-hamil-muda-usia,https://www.alodokter.com/komunitas/topic/apa-saja-makanan-yang-baik-dikonsumsi-saat-hamil-muda-usia
Apa yang terjadi pada tubuh di minggu pertama kehamilan?,/komunitas/topic/apa-yang-terjadi-pada-tubuh-di-minggu-pertama-kehamilan-,https://www.alodokter.com/komunitas/topic/apa-yang-terjadi-pada-tubuh-di-minggu-pertama-kehamilan-
Bolehkah ibu hamil makan mie instan saat ngidam?,/komunitas/topic/bolehkah-ibu-hamil-makan-mie-instan-saat-ngidam-,https://www.alodokter.com/komunitas/topic/bolehkah-ibu-hamil-makan-mie-instan-saat-ngidam-
Bagaimana cara membedakan keputihan normal dan tidak normal di akhir kehamilan?,/komunitas/topic/bagaimana-cara-membedakan-keputihan-normal-dan-tidak-normal-di-akhir,https://www.alodokter.com/komunitas/topic/bagaimana-cara-membedakan-keputihan-normal-dan-tidak-normal-di-akhir
Bagaimana cara aman mengatasi batuk kering saat hamil tanpa membahayakan janin?,/komunitas/topic/bagaimana-cara-aman-mengatasi-batuk-kering-saat-hamil-tanpa-membahayakan,https://www.alodokter.com/komunitas/topic/bagaimana-cara-aman-mengatasi-batuk-kering-saat-hamil-tanpa-membahayakan
Apakah nyeri perut bawah di usia hamil 39 minggu termasuk tanda mau melahirkan?,/komunitas/topic/apakah-nyeri-perut-bawah-di-usia-hamil-39-minggu-termasuk,https://www.alodokter.com/komunitas/topic/apakah-nyeri-perut-bawah-di-usia-hamil-39-minggu-termasuk
Bagaimana cara memastikan asupan gizi cukup saat hamil trimester dua?,/komunitas/topic/bagaimana-cara-memastikan-asupan-gizi-cukup-saat-hamil-trimester-dua-,https://www.alodokter.com/komunitas/topic/bagaimana-cara-memastikan-asupan-gizi-cukup-saat-hamil-trimester-dua-
Bagaimana cara memilih face wash yang aman untuk ibu hamil?,/komunitas/topic/bagaimana-cara-memilih-face-wash-yang-aman-untuk-ibu-hamil-,https://www.alodokter.com/komunitas/topic/bagaimana-cara-memilih-face-wash-yang-aman-untuk-ibu-hamil-
Apa saja tanda bahwa janin berkembang normal di usia kehamilan 11 minggu?,/komunitas/topic/apa-saja-tanda-bahwa-janin-berkembang-normal-di-usia-kehamilan,https://www.alodokter.com/komunitas/topic/apa-saja-tanda-bahwa-janin-berkembang-normal-di-usia-kehamilan
Bagaimana cara berhubungan intim yang nyaman dan aman di trimester ketiga kehamilan?,/komunitas/topic/bagaimana-cara-berhubungan-intim-yang-nyaman-dan-aman-di-trimester,https://www.alodokter.com/komunitas/topic/bagaimana-cara-berhubungan-intim-yang-nyaman-dan-aman-di-trimester
Kapan waktu yang tepat mulai minum Obimin saat hamil?,/komunitas/topic/kapan-waktu-yang-tepat-mulai-minum-obimin-saat-hamil-,https://www.alodokter.com/komunitas/topic/kapan-waktu-yang-tepat-mulai-minum-obimin-saat-hamil-
,/komunitas/topic/-masih-amankah-naik-motor-sendiri-di-usia-kehamilan-yang-sudah,https://www.alodokter.com/komunitas/topic/-masih-amankah-naik-motor-sendiri-di-usia-kehamilan-yang-sudah
"Keluar lendir bening saat hamil 38 minggu, apakah ini tanda pembukaan?",/komunitas/topic/keluar-lendir-bening-saat-hamil-38-minggu--apakah-ini-tanda,https://www.alodokter.com/komunitas/topic/keluar-lendir-bening-saat-hamil-38-minggu--apakah-ini-tanda
Kapan biasanya tanda-tanda awal kehamilan mulai muncul setelah berhubungan?,/komunitas/topic/kapan-biasanya-tanda-tanda-awal-kehamilan-mulai-muncul-setelah-berhubungan-,https://www.alodokter.com/komunitas/topic/kapan-biasanya-tanda-tanda-awal-kehamilan-mulai-muncul-setelah-berhubungan-
Seperti apa perkembangan janin yang sehat saat kehamilan memasuki 24 minggu?,/komunitas/topic/seperti-apa-perkembangan-janin-yang-sehat-saat-kehamilan-memasuki-24,https://www.alodokter.com/komunitas/topic/seperti-apa-perkembangan-janin-yang-sehat-saat-kehamilan-memasuki-24
Apakah hubungan intim bisa membahayakan janin di trimester pertama?,/komunitas/topic/apakah-hubungan-intim-bisa-membahayakan-janin-di-trimester-pertama-,https://www.alodokter.com/komunitas/topic/apakah-hubungan-intim-bisa-membahayakan-janin-di-trimester-pertama-
Apa manfaat dan risiko air kelapa untuk ibu hamil trimester pertama?,/komunitas/topic/apa-manfaat-dan-risiko-air-kelapa-untuk-ibu-hamil-trimester,https://www.alodokter.com/komunitas/topic/apa-manfaat-dan-risiko-air-kelapa-untuk-ibu-hamil-trimester
Apakah feses berwarna hitam saat hamil bisa dianggap normal?,/komunitas/topic/apakah-feses-berwarna-hitam-saat-hamil-bisa-dianggap-normal-,https://www.alodokter.com/komunitas/topic/apakah-feses-berwarna-hitam-saat-hamil-bisa-dianggap-normal-
Seberapa penting plasenta dan tali pusat bagi kesehatan janin dalam kandungan?,/komunitas/topic/seberapa-penting-plasenta-dan-tali-pusat-bagi-kesehatan-janin-dalam,https://www.alodokter.com/komunitas/topic/seberapa-penting-plasenta-dan-tali-pusat-bagi-kesehatan-janin-dalam
Apakah semua ibu hamil wajib melakukan cek darah di awal kehamilan?,/komunitas/topic/apakah-semua-ibu-hamil-wajib-melakukan-cek-darah-di-awal,https://www.alodokter.com/komunitas/topic/apakah-semua-ibu-hamil-wajib-melakukan-cek-darah-di-awal
Apa saja tanda-tanda ngidam yang sering muncul di awal kehamilan?,/komunitas/topic/apa-saja-tanda-tanda-ngidam-yang-sering-muncul-di-awal-kehamilan-,https://www.alodokter.com/komunitas/topic/apa-saja-tanda-tanda-ngidam-yang-sering-muncul-di-awal-kehamilan-
Bagaimana cara mengurangi nyeri selangkangan saat hamil tua?,/komunitas/topic/bagaimana-cara-mengurangi-nyeri-selangkangan-saat-hamil-tua-,https://www.alodokter.com/komunitas/topic/bagaimana-cara-mengurangi-nyeri-selangkangan-saat-hamil-tua-
Perlukah saya periksa lanjut ke rumah sakit kalau protein urine meningkat saat hamil?,/komunitas/topic/perlukah-saya-periksa-lanjut-ke-rumah-sakit-kalau-protein-urine,https://www.alodokter.com/komunitas/topic/perlukah-saya-periksa-lanjut-ke-rumah-sakit-kalau-protein-urine
Apa penyebab keluar darah dari vagina saat hamil besar tanpa nyeri?,/komunitas/topic/apa-penyebab-keluar-darah-dari-vagina-saat-hamil-besar-tanpa,https://www.alodokter.com/komunitas/topic/apa-penyebab-keluar-darah-dari-vagina-saat-hamil-besar-tanpa
Bolehkah ibu hamil minum suplemen vitamin C tambahan?,/komunitas/topic/bolehkah-ibu-hamil-minum-suplemen-vitamin-c-tambahan-,https://www.alodokter.com/komunitas/topic/bolehkah-ibu-hamil-minum-suplemen-vitamin-c-tambahan-
Bagaimana cara mengatasi mual dan muntah yang terus-menerus di awal kehamilan?,/komunitas/topic/bagaimana-cara-mengatasi-mual-dan-muntah-yang-terus-menerus-di-awal,https://www.alodokter.com/komunitas/topic/bagaimana-cara-mengatasi-mual-dan-muntah-yang-terus-menerus-di-awal
Apa pertolongan pertama yang aman untuk ibu hamil saat merasa sesak napas?,/komunitas/topic/apa-pertolongan-pertama-yang-aman-untuk-ibu-hamil-saat-merasa,https://www.alodokter.com/komunitas/topic/apa-pertolongan-pertama-yang-aman-untuk-ibu-hamil-saat-merasa
Apakah aman konsumsi es krim untuk menaikkan berat badan janin?,/komunitas/topic/apakah-aman-konsumsi-es-krim-untuk-menaikkan-berat-badan-janin-,https://www.alodokter.com/komunitas/topic/apakah-aman-konsumsi-es-krim-untuk-menaikkan-berat-badan-janin-
Apakah mengejan saat BAB bisa membahayakan janin saat hamil?,/komunitas/topic/apakah-mengejan-saat-bab-bisa-membahayakan-janin-saat-hamil-,https://www.alodokter.com/komunitas/topic/apakah-mengejan-saat-bab-bisa-membahayakan-janin-saat-hamil-
Apa saja ciri bayi sungsang saat usia kehamilan masuk 8 bulan?,/komunitas/topic/apa-saja-ciri-bayi-sungsang-saat-usia-kehamilan-masuk-8,https://www.alodokter.com/komunitas/topic/apa-saja-ciri-bayi-sungsang-saat-usia-kehamilan-masuk-8
Bagaimana cara alami mempercepat kontraksi dan pembukaan saat menjelang persalinan?,/komunitas/topic/bagaimana-cara-alami-mempercepat-kontraksi-dan-pembukaan-saat-menjelang-persalinan-,https://www.alodokter.com/komunitas/topic/bagaimana-cara-alami-mempercepat-kontraksi-dan-pembukaan-saat-menjelang-persalinan-
Apakah semua asuransi kantor menanggung kehamilan?,/komunitas/topic/apakah-semua-asuransi-kantor-menanggung-kehamilan-,https://www.alodokter.com/komunitas/topic/apakah-semua-asuransi-kantor-menanggung-kehamilan-
Benarkah panggul sempit hanya bisa melahirkan lewat operasi caesar?,/komunitas/topic/benarkah-panggul-sempit-hanya-bisa-melahirkan-lewat-operasi-caesar-,https://www.alodokter.com/komunitas/topic/benarkah-panggul-sempit-hanya-bisa-melahirkan-lewat-operasi-caesar-
Apa yang harus dilakukan jika berat badan janin masih belum ideal menjelang persalinan?,/komunitas/topic/apa-yang-harus-dilakukan-jika-berat-badan-janin-masih-belum,https://www.alodokter.com/komunitas/topic/apa-yang-harus-dilakukan-jika-berat-badan-janin-masih-belum
Apakah Normal Gerakan Bayi di Usia Hamil 20 Minggu Belum Teratur?,/komunitas/topic/apakah-normal-gerakan-bayi-di-usia-hamil-20-minggu-belum,https://www.alodokter.com/komunitas/topic/apakah-normal-gerakan-bayi-di-usia-hamil-20-minggu-belum
Bagaimana membedakan perut buncit karena lemak dengan tanda-tanda kehamilan?,/komunitas/topic/bagaimana-membedakan-perut-buncit-karena-lemak-dengan-tanda-tanda-kehamilan-,https://www.alodokter.com/komunitas/topic/bagaimana-membedakan-perut-buncit-karena-lemak-dengan-tanda-tanda-kehamilan-
Seberapa akurat hasil USG dalam menentukan jenis kelamin bayi?,/komunitas/topic/seberapa-akurat-hasil-usg-dalam-menentukan-jenis-kelamin-bayi-,https://www.alodokter.com/komunitas/topic/seberapa-akurat-hasil-usg-dalam-menentukan-jenis-kelamin-bayi-
Kenapa belum hamil padahal haid teratur dan suami sehat?,/komunitas/topic/kenapa-belum-hamil-padahal-haid-teratur-dan-suami-sehat-,https://www.alodokter.com/komunitas/topic/kenapa-belum-hamil-padahal-haid-teratur-dan-suami-sehat-
Benarkah minum es saat hamil bisa membuat bayi lahir besar?,/komunitas/topic/benarkah-minum-es-saat-hamil-bisa-membuat-bayi-lahir-besar-,https://www.alodokter.com/komunitas/topic/benarkah-minum-es-saat-hamil-bisa-membuat-bayi-lahir-besar-
Apa saja posisi berhubungan yang aman dan nyaman saat hamil?,/komunitas/topic/apa-saja-posisi-berhubungan-yang-aman-dan-nyaman-saat-hamil-,https://www.alodokter.com/komunitas/topic/apa-saja-posisi-berhubungan-yang-aman-dan-nyaman-saat-hamil-
Bagaimana cara mengetahui kalau janin sedang lapar saat dalam kandungan?,/komunitas/topic/bagaimana-cara-mengetahui-kalau-janin-sedang-lapar-saat-dalam-kandungan-,https://www.alodokter.com/komunitas/topic/bagaimana-cara-mengetahui-kalau-janin-sedang-lapar-saat-dalam-kandungan-
Bagaimana cara alami agar janin cepat masuk ke panggul saat usia kehamilan sudah cukup bulan?,/komunitas/topic/bagaimana-cara-alami-agar-janin-cepat-masuk-ke-panggul-saat,https://www.alodokter.com/komunitas/topic/bagaimana-cara-alami-agar-janin-cepat-masuk-ke-panggul-saat
Apa saja ciri-ciri air ketuban sedikit saat hamil?,/komunitas/topic/apa-saja-ciri-ciri-air-ketuban-sedikit-saat-hamil-,https://www.alodokter.com/komunitas/topic/apa-saja-ciri-ciri-air-ketuban-sedikit-saat-hamil-
Apa arti TBJ janin rendah saat USG dan apakah berbahaya?,/komunitas/topic/apa-arti-tbj-janin-rendah-saat-usg-dan-apakah-berbahaya-,https://www.alodokter.com/komunitas/topic/apa-arti-tbj-janin-rendah-saat-usg-dan-apakah-berbahaya-
Apa dampaknya jika langsung berhubungan setelah haid berhenti?,/komunitas/topic/apa-dampaknya-jika-langsung-berhubungan-setelah-haid-berhenti-,https://www.alodokter.com/komunitas/topic/apa-dampaknya-jika-langsung-berhubungan-setelah-haid-berhenti-
Buah apa yang baik untuk pertumbuhan janin dan pencernaan ibu hamil?,/komunitas/topic/buah-apa-yang-baik-untuk-pertumbuhan-janin-dan-pencernaan-ibu,https://www.alodokter.com/komunitas/topic/buah-apa-yang-baik-untuk-pertumbuhan-janin-dan-pencernaan-ibu
Berapa dosis asam folat yang aman dan cukup untuk ibu hamil muda?,/komunitas/topic/berapa-dosis-asam-folat-yang-aman-dan-cukup-untuk-ibu,https://www.alodokter.com/komunitas/topic/berapa-dosis-asam-folat-yang-aman-dan-cukup-untuk-ibu
Apakah keputihan kental setelah berhubungan bisa menjadi tanda awal kehamilan?,/komunitas/topic/apakah-keputihan-kental-setelah-berhubungan-bisa-menjadi-tanda-awal-kehamilan-,https://www.alodokter.com/komunitas/topic/apakah-keputihan-kental-setelah-berhubungan-bisa-menjadi-tanda-awal-kehamilan-
Kenapa janin tidak bergerak sama sekali seharian saat usia kehamilan 7 bulan?,/komunitas/topic/kenapa-janin-tidak-bergerak-sama-sekali-seharian-saat-usia-kehamilan,https://www.alodokter.com/komunitas/topic/kenapa-janin-tidak-bergerak-sama-sekali-seharian-saat-usia-kehamilan
Buah apa saja yang sebaiknya dihindari saat hamil muda agar janin tetap aman?,/komunitas/topic/buah-apa-saja-yang-sebaiknya-dihindari-saat-hamil-muda-agar,https://www.alodokter.com/komunitas/topic/buah-apa-saja-yang-sebaiknya-dihindari-saat-hamil-muda-agar
Apakah keluar lendir bening seperti ingus di usia kehamilan 38 minggu tanda mau melahirkan?,/komunitas/topic/apakah-keluar-lendir-bening-seperti-ingus-di-usia-kehamilan-38,https://www.alodokter.com/komunitas/topic/apakah-keluar-lendir-bening-seperti-ingus-di-usia-kehamilan-38
Apa tanda-tanda dari luar yang bisa menunjukkan janin cacat dalam kandungan?,/komunitas/topic/apa-tanda-tanda-dari-luar-yang-bisa-menunjukkan-janin-cacat-dalam,https://www.alodokter.com/komunitas/topic/apa-tanda-tanda-dari-luar-yang-bisa-menunjukkan-janin-cacat-dalam
Apakah obat penguat kandungan bisa menyebabkan pendarahan makin banyak?,/komunitas/topic/apakah-obat-penguat-kandungan-bisa-menyebabkan-pendarahan-makin-banyak-,https://www.alodokter.com/komunitas/topic/apakah-obat-penguat-kandungan-bisa-menyebabkan-pendarahan-makin-banyak-
Bolehkah Ibu Hamil Mengonsumsi Minyak Kelapa Setiap Hari?,/komunitas/topic/bolehkah-ibu-hamil-mengonsumsi-minyak-kelapa-setiap-hari-,https://www.alodokter.com/komunitas/topic/bolehkah-ibu-hamil-mengonsumsi-minyak-kelapa-setiap-hari-
Apakah perubahan hormon di awal kehamilan bisa bikin sulit tidur di malam hari?,/komunitas/topic/apakah-perubahan-hormon-di-awal-kehamilan-bisa-bikin-sulit-tidur,https://www.alodokter.com/komunitas/topic/apakah-perubahan-hormon-di-awal-kehamilan-bisa-bikin-sulit-tidur
Apakah Bisa Hamil Setelah Operasi Kista Ovarium?,/komunitas/topic/apakah-bisa-hamil-setelah-operasi-kista-ovarium-,https://www.alodokter.com/komunitas/topic/apakah-bisa-hamil-setelah-operasi-kista-ovarium-
Apakah normal keluar cairan bening seperti pipis saat hamil muda?,/komunitas/topic/apakah-normal-keluar-cairan-bening-seperti-pipis-saat-hamil-muda-,https://www.alodokter.com/komunitas/topic/apakah-normal-keluar-cairan-bening-seperti-pipis-saat-hamil-muda-
Apakah bisa hamil jika baru seminggu setelah berhubungan?,/komunitas/topic/apakah-bisa-hamil-jika-baru-seminggu-setelah-berhubungan-,https://www.alodokter.com/komunitas/topic/apakah-bisa-hamil-jika-baru-seminggu-setelah-berhubungan-
Bagaimana Cara Mengurangi Rasa Kencang Di Perut Saat Hamil 5 Bulan?,/komunitas/topic/bagaimana-cara-mengurangi-rasa-kencang-di-perut-saat-hamil-5,https://www.alodokter.com/komunitas/topic/bagaimana-cara-mengurangi-rasa-kencang-di-perut-saat-hamil-5
Apakah Infeksi Saluran Kemih Saat Hamil Bisa Membahayakan Janin?,/komunitas/topic/apakah-infeksi-saluran-kemih-saat-hamil-bisa-membahayakan-janin-,https://www.alodokter.com/komunitas/topic/apakah-infeksi-saluran-kemih-saat-hamil-bisa-membahayakan-janin-
Apakah Hasil USG Bisa Tidak Akurat?,/komunitas/topic/apakah-hasil-usg-bisa-tidak-akurat-,https://www.alodokter.com/komunitas/topic/apakah-hasil-usg-bisa-tidak-akurat-
Apakah kenaikan berat badan 8 kg di usia kehamilan 22 minggu masih tergolong normal?,/komunitas/topic/apakah-kenaikan-berat-badan-8-kg-di-usia-kehamilan-22,https://www.alodokter.com/komunitas/topic/apakah-kenaikan-berat-badan-8-kg-di-usia-kehamilan-22
Apakah wajar merasa perut begah saat hamil 6 bulan dan bagaimana cara menguranginya?,/komunitas/topic/apakah-wajar-merasa-perut-begah-saat-hamil-6-bulan-dan,https://www.alodokter.com/komunitas/topic/apakah-wajar-merasa-perut-begah-saat-hamil-6-bulan-dan
Apakah Keluar Darah Merah Muda Saat Hamil 5 Minggu Berbahaya?,/komunitas/topic/apakah-keluar-darah-merah-muda-saat-hamil-5-minggu-berbahaya-,https://www.alodokter.com/komunitas/topic/apakah-keluar-darah-merah-muda-saat-hamil-5-minggu-berbahaya-
Kenapa Mulut Terasa Pahit Saat Hamil Masuk Trimester Pertama?,/komunitas/topic/kenapa-mulut-terasa-pahit-saat-hamil-masuk-trimester-pertama-,https://www.alodokter.com/komunitas/topic/kenapa-mulut-terasa-pahit-saat-hamil-masuk-trimester-pertama-
Apakah Keputihan Putih Seperti Susu Saat Hamil 40 Minggu Termasuk Normal?,/komunitas/topic/apakah-keputihan-putih-seperti-susu-saat-hamil-40-minggu-termasuk,https://www.alodokter.com/komunitas/topic/apakah-keputihan-putih-seperti-susu-saat-hamil-40-minggu-termasuk
Apakah Kandungan Usia 6 Bulan Masih Bisa Digugurkan?,/komunitas/topic/apakah-kandungan-usia-6-bulan-masih-bisa-digugurkan-,https://www.alodokter.com/komunitas/topic/apakah-kandungan-usia-6-bulan-masih-bisa-digugurkan-
Apakah Cabut Gigi Saat Hamil Trimester Kedua Aman Dilakukan?,/komunitas/topic/apakah-cabut-gigi-saat-hamil-trimester-kedua-aman-dilakukan-,https://www.alodokter.com/komunitas/topic/apakah-cabut-gigi-saat-hamil-trimester-kedua-aman-dilakukan-
Kapan Waktu Terbaik Tes Kehamilan Setelah Berhubungan?,/komunitas/topic/kapan-waktu-terbaik-tes-kehamilan-setelah-berhubungan-,https://www.alodokter.com/komunitas/topic/kapan-waktu-terbaik-tes-kehamilan-setelah-berhubungan-
Apakah Anyang-Anyangan Saat Hamil 6 Bulan Termasuk Kondisi yang Normal?,/komunitas/topic/apakah-anyang-anyangan-saat-hamil-6-bulan-termasuk-kondisi-yang-normal-,https://www.alodokter.com/komunitas/topic/apakah-anyang-anyangan-saat-hamil-6-bulan-termasuk-kondisi-yang-normal-
